idle_energy_total,active_energy_total,total_energy_difference,average_exec_time
21404.463309480398,21463.471449048353,59.00813956795537,6.045412571428571
