idle_energy_total,active_energy_total,total_energy_difference,average_exec_time
20792.76143542035,20446.888073092465,-345.87336232788584,30.028891142857137
