idle_energy_total,active_energy_total,total_energy_difference,average_exec_time
17582.934785301582,19332.580195186943,1749.645409885361,8.107973142857142
