idle_energy_total,active_energy_total,total_energy_difference,average_exec_time
18862.064581886534,18739.269298876694,-122.7952830098402,6.049075142857142
