idle_energy_total,active_energy_total,total_energy_difference,average_exec_time
17347.01951771773,17211.00351348847,-136.01600422925912,6.052690714285714
