idle_energy_total,active_energy_total,total_energy_difference,average_exec_time
20298.81685647044,20193.328789780102,-105.48806669033729,6.048094571428571
