idle_energy_total,active_energy_total,total_energy_difference,average_exec_time
19109.711980732885,18850.564637487427,-259.1473432454586,6.045619857142858
