idle_energy_total,active_energy_total,total_energy_difference,average_exec_time
20640.28042335251,20599.269261744193,-41.01116160831589,30.03122085714286
