idle_energy_total,active_energy_total,total_energy_difference,average_exec_time
19323.324440981556,20180.677355178654,857.3529141970976,14.228639857142857
