idle_energy_total,active_energy_total,total_energy_difference,average_exec_time
17211.045652487745,19084.93339479506,1873.8877423073172,7.742923714285714
