idle_energy_total,active_energy_total,total_energy_difference,average_exec_time
16939.568358271885,17113.2540809697,173.68572269781362,6.051623285714285
