idle_energy_total,active_energy_total,total_energy_difference,average_exec_time
18449.49173421001,20131.77213776975,1682.28040355974,11.881722428571427
