idle_energy_total,active_energy_total,total_energy_difference,average_exec_time
19338.12795535392,19299.326377207224,-38.801578146696556,6.044602428571429
