idle_energy_total,active_energy_total,total_energy_difference,average_exec_time
20497.868235530703,20466.161439250773,-31.70679627993013,30.028271
