idle_energy_total,active_energy_total,total_energy_difference,average_exec_time
20542.136983865326,20396.313888786637,-145.82309507868922,6.0517828571428565
