idle_energy_total,active_energy_total,total_energy_difference,average_exec_time
18794.17735713192,18787.55560590889,-6.621751223032334,6.04470042857143
