idle_energy_total,active_energy_total,total_energy_difference,average_exec_time
18960.195665964493,19443.75022837065,483.55456240615604,30.025783428571426
