idle_energy_total,active_energy_total,total_energy_difference,average_exec_time
18371.423462109502,19823.24876681441,1451.8253047049075,8.000660571428572
