idle_energy_total,active_energy_total,total_energy_difference,average_exec_time
18403.107474693257,19752.55664926077,1349.4491745675114,9.159092428571428
