idle_energy_total,active_energy_total,total_energy_difference,average_exec_time
21395.309642521304,22028.334277809274,633.0246352879694,12.426394142857143
