idle_energy_total,active_energy_total,total_energy_difference,average_exec_time
20249.237949195613,20725.295147182635,476.05719798702194,30.02938985714286
