idle_energy_total,active_energy_total,total_energy_difference,average_exec_time
18889.450226952853,19103.55249427864,214.10226732578667,6.050609142857143
