idle_energy_total,active_energy_total,total_energy_difference,average_exec_time
20943.95971074437,21019.729526240557,75.76981549618722,30.027722714285712
