idle_energy_total,active_energy_total,total_energy_difference,average_exec_time
19416.614666865124,19245.28957510628,-171.3250917588448,6.051470428571429
