idle_energy_total,active_energy_total,total_energy_difference,average_exec_time
18700.10330024325,20137.618508119645,1437.5152078763967,7.8677971428571425
