idle_energy_total,active_energy_total,total_energy_difference,average_exec_time
20602.85568247484,20642.329326585954,39.47364411111266,30.02866657142857
