idle_energy_total,active_energy_total,total_energy_difference,average_exec_time
18018.504036599395,19290.62181124275,1272.1177746433532,13.087020714285714
