idle_energy_total,active_energy_total,total_energy_difference,average_exec_time
20088.990489027874,20489.878764478046,400.88827545017193,1.4233595714285716
