idle_energy_total,active_energy_total,total_energy_difference,average_exec_time
19137.375966525855,18916.324902563934,-221.0510639619206,6.046466285714287
