idle_energy_total,active_energy_total,total_energy_difference,average_exec_time
20554.962395988467,20824.621407763658,269.6590117751912,30.029093142857143
