idle_energy_total,active_energy_total,total_energy_difference,average_exec_time
17969.144101226055,19334.397716490545,1365.2536152644898,7.9418802857142845
