idle_energy_total,active_energy_total,total_energy_difference,average_exec_time
21175.716428690277,21826.081249828083,650.3648211378058,6.374039857142857
