idle_energy_total,active_energy_total,total_energy_difference,average_exec_time
18570.049428630962,19992.819143625078,1422.769714994116,7.905929571428572
