idle_energy_total,active_energy_total,total_energy_difference,average_exec_time
19140.130226953606,19307.568095943938,167.43786899033148,9.65422557142857
