idle_energy_total,active_energy_total,total_energy_difference,average_exec_time
18862.50981477831,18763.163318679744,-99.3464960985657,6.047148428571428
