idle_energy_total,active_energy_total,total_energy_difference,average_exec_time
17230.01838155619,17315.318947997064,85.30056644087381,6.0545788571428565
