idle_energy_total,active_energy_total,total_energy_difference,average_exec_time
16840.40148605474,18769.37431100904,1928.9728249543004,12.586493714285714
