idle_energy_total,active_energy_total,total_energy_difference,average_exec_time
20365.965968143493,20304.67314391733,-61.29282422616234,6.044988714285714
