idle_energy_total,active_energy_total,total_energy_difference,average_exec_time
17844.012773733648,19139.755944919554,1295.7431711859062,8.033002000000002
