idle_energy_total,active_energy_total,total_energy_difference,average_exec_time
20293.783432413355,20289.842360372044,-3.94107204131069,6.044119571428571
