idle_energy_total,active_energy_total,total_energy_difference,average_exec_time
20313.05250291621,21191.45628516031,878.4037822441023,11.299726285714287
