idle_energy_total,active_energy_total,total_energy_difference,average_exec_time
20630.832925908446,20375.577581226036,-255.2553446824095,0.32518271428571427
