idle_energy_total,active_energy_total,total_energy_difference,average_exec_time
20368.611629868068,20458.89352406463,90.28189419656337,30.02819142857143
