idle_energy_total,active_energy_total,total_energy_difference,average_exec_time
20486.98253255725,20458.14525090019,-28.837281657059066,6.043786857142856
