idle_energy_total,active_energy_total,total_energy_difference,average_exec_time
19435.2101547192,19595.015372559814,159.8052178406142,30.03319814285714
