idle_energy_total,active_energy_total,total_energy_difference,average_exec_time
20930.600096169186,20916.33042202771,-14.269674141476571,30.02723357142857
