idle_energy_total,active_energy_total,total_energy_difference,average_exec_time
20307.27717995598,20486.824288304888,179.54710834890648,30.029268000000002
