idle_energy_total,active_energy_total,total_energy_difference,average_exec_time
18594.70638442792,18590.839302724264,-3.8670817036545486,6.043203857142857
