idle_energy_total,active_energy_total,total_energy_difference,average_exec_time
19015.384678405157,19277.23981431072,261.85513590556366,6.047450857142857
