idle_energy_total,active_energy_total,total_energy_difference,average_exec_time
20761.92877575749,21008.72413614042,246.79536038293008,5.592579999999999
