idle_energy_total,active_energy_total,total_energy_difference,average_exec_time
21181.10472804053,21780.829135271044,599.7244072305148,6.203182142857143
