idle_energy_total,active_energy_total,total_energy_difference,average_exec_time
19088.360896261835,20398.955525646263,1310.5946293844281,12.161972714285715
