idle_energy_total,active_energy_total,total_energy_difference,average_exec_time
18880.30053205952,18724.852139269904,-155.44839278961445,6.046159142857142
