idle_energy_total,active_energy_total,total_energy_difference,average_exec_time
18930.81509399278,18882.708720766204,-48.10637322657567,6.046238285714286
