idle_energy_total,active_energy_total,total_energy_difference,average_exec_time
20613.75912530379,21554.455314882664,940.6961895788736,11.183824714285716
