idle_energy_total,active_energy_total,total_energy_difference,average_exec_time
21174.745099782085,21578.041338044495,403.29623826241004,5.759201571428571
