idle_energy_total,active_energy_total,total_energy_difference,average_exec_time
21430.552468998583,22280.426241166075,849.8737721674916,7.867288571428571
