idle_energy_total,active_energy_total,total_energy_difference,average_exec_time
18449.564993232245,19473.172822529366,1023.6078292971215,8.042107571428572
