idle_energy_total,active_energy_total,total_energy_difference,average_exec_time
18630.61691452783,20151.733927371763,1521.1170128439335,10.946468571428571
