idle_energy_total,active_energy_total,total_energy_difference,average_exec_time
21253.724762486687,21539.747211742088,286.0224492554007,1.4525388571428568
