idle_energy_total,active_energy_total,total_energy_difference,average_exec_time
19509.360130329955,19480.79786960292,-28.5622607270343,30.03024771428571
