idle_energy_total,active_energy_total,total_energy_difference,average_exec_time
20440.175565308382,20461.71547165179,21.539906343408802,6.045261714285715
