idle_energy_total,active_energy_total,total_energy_difference,average_exec_time
19243.202289834728,20258.666261392562,1015.4639715578342,11.882868714285715
