idle_energy_total,active_energy_total,total_energy_difference,average_exec_time
18616.227876080797,18713.098379310897,96.87050323010044,6.045310714285714
