idle_energy_total,active_energy_total,total_energy_difference,average_exec_time
20437.406304502594,20585.461943665472,148.05563916287792,30.028173857142857
