idle_energy_total,active_energy_total,total_energy_difference,average_exec_time
17620.272617554056,19305.45864341795,1685.1860258638953,7.959367714285714
