idle_energy_total,active_energy_total,total_energy_difference,average_exec_time
20722.934446162923,21725.45349805014,1002.5190518872187,7.7797529999999995
