idle_energy_total,active_energy_total,total_energy_difference,average_exec_time
20450.336934663126,20375.11186732549,-75.22506733763657,30.028911571428573
