idle_energy_total,active_energy_total,total_energy_difference,average_exec_time
17536.237549135494,19304.65428404113,1768.416734905637,8.649909142857144
