idle_energy_total,active_energy_total,total_energy_difference,average_exec_time
18987.13929453365,19242.36562934976,255.22633481611047,6.047866285714285
