idle_energy_total,active_energy_total,total_energy_difference,average_exec_time
18607.570996488597,20003.384638209634,1395.8136417210371,8.017498428571429
