idle_energy_total,active_energy_total,total_energy_difference,average_exec_time
18331.541549047084,19655.841121685633,1324.2995726385489,8.04806842857143
