idle_energy_total,active_energy_total,total_energy_difference,average_exec_time
19468.587363013376,19626.529260942705,157.94189792932957,30.02951242857143
