idle_energy_total,active_energy_total,total_energy_difference,average_exec_time
20551.887764713923,20529.176509805013,-22.711254908910632,30.02960057142857
