idle_energy_total,active_energy_total,total_energy_difference,average_exec_time
20734.154068822445,20742.816378688058,8.66230986561277,30.02709685714286
