idle_energy_total,active_energy_total,total_energy_difference,average_exec_time
19424.061149407113,19731.25588969286,307.1947402857477,30.034714142857144
