idle_energy_total,active_energy_total,total_energy_difference,average_exec_time
20754.150774665548,20884.306027368457,130.1552527029089,30.029806142857144
