idle_energy_total,active_energy_total,total_energy_difference,average_exec_time
20562.493888617595,21402.48243735296,839.988548735364,11.423874142857143
