idle_energy_total,active_energy_total,total_energy_difference,average_exec_time
20407.430996934047,20354.137196333806,-53.2938006002405,6.048500428571429
