idle_energy_total,active_energy_total,total_energy_difference,average_exec_time
18534.29894910345,19799.695650286172,1265.3967011827226,11.175343000000002
