idle_energy_total,active_energy_total,total_energy_difference,average_exec_time
20441.853392517416,20789.314159938272,347.4607674208564,30.028263428571424
