idle_energy_total,active_energy_total,total_energy_difference,average_exec_time
19271.08979769814,19231.003654209668,-40.08614348847186,6.050559000000001
