idle_energy_total,active_energy_total,total_energy_difference,average_exec_time
21159.13240588457,21166.572335341654,7.439929457083053,6.050845142857143
