idle_energy_total,active_energy_total,total_energy_difference,average_exec_time
20610.846327422056,20521.93210734026,-88.91422008179507,6.045686714285714
