idle_energy_total,active_energy_total,total_energy_difference,average_exec_time
21602.09615265301,22760.432794445016,1158.3366417920042,7.967559428571429
