idle_energy_total,active_energy_total,total_energy_difference,average_exec_time
56638.76571740019,59357.80392859996,2719.038211199775,5.530910714285715
