idle_energy_total,active_energy_total,total_energy_difference,average_exec_time
20469.970319878237,20685.106277017494,215.1359571392568,30.03345285714286
