idle_energy_total,active_energy_total,total_energy_difference,average_exec_time
18325.946081314814,19430.602945764418,1104.6568644496037,8.094312714285715
