idle_energy_total,active_energy_total,total_energy_difference,average_exec_time
17508.063775517487,17549.98299905531,41.91922353782502,6.053600428571428
