idle_energy_total,active_energy_total,total_energy_difference,average_exec_time
18285.584761689104,19880.682089814018,1595.0973281249135,7.894181428571429
