idle_energy_total,active_energy_total,total_energy_difference,average_exec_time
20361.69381709782,20477.620308486727,115.92649138890556,6.044643142857143
