idle_energy_total,active_energy_total,total_energy_difference,average_exec_time
20264.160557971183,20245.98873979489,-18.17181817629171,6.0465605714285715
