idle_energy_total,active_energy_total,total_energy_difference,average_exec_time
21404.00728921312,22177.057647006575,773.0503577934542,10.129161857142858
