idle_energy_total,active_energy_total,total_energy_difference,average_exec_time
18887.318853328754,19037.283458715352,149.96460538659812,6.051183571428571
