idle_energy_total,active_energy_total,total_energy_difference,average_exec_time
20389.331075910446,20569.97477637651,180.64370046606564,30.02850714285714
