idle_energy_total,active_energy_total,total_energy_difference,average_exec_time
18138.479299819854,19794.342008060816,1655.862708240962,9.785790714285714
