idle_energy_total,active_energy_total,total_energy_difference,average_exec_time
20484.650036113704,20424.278451499846,-60.37158461385843,6.043446857142857
