idle_energy_total,active_energy_total,total_energy_difference,average_exec_time
20866.655258626757,21148.91880486136,282.2635462346043,30.034496999999995
