idle_energy_total,active_energy_total,total_energy_difference,average_exec_time
20382.883564936186,21932.193031701856,1549.3094667656696,11.103893428571428
