idle_energy_total,active_energy_total,total_energy_difference,average_exec_time
19288.29000068049,20601.284999601554,1312.9949989210654,8.305339285714286
