idle_energy_total,active_energy_total,total_energy_difference,average_exec_time
16773.23522965498,18617.848351729343,1844.6131220743628,10.013430142857143
