idle_energy_total,active_energy_total,total_energy_difference,average_exec_time
20092.163646050278,20236.30908727256,144.14544122228108,6.046073000000001
