idle_energy_total,active_energy_total,total_energy_difference,average_exec_time
18423.463884930534,19857.046486046635,1433.5826011161007,8.430015571428573
