idle_energy_total,active_energy_total,total_energy_difference,average_exec_time
18906.879654123262,18774.091263318976,-132.78839080428588,6.046408571428572
