idle_energy_total,active_energy_total,total_energy_difference,average_exec_time
21428.868394150726,21399.94133137752,-28.92706277320758,6.04590242857143
