idle_energy_total,active_energy_total,total_energy_difference,average_exec_time
21170.36490510666,21700.678450098305,530.3135449916444,7.031139285714285
