idle_energy_total,active_energy_total,total_energy_difference,average_exec_time
16843.82973712601,18558.81441511369,1714.9846779876825,10.265491999999998
