idle_energy_total,active_energy_total,total_energy_difference,average_exec_time
18784.981643327228,18867.69005217114,82.70840884391146,6.047110428571429
