idle_energy_total,active_energy_total,total_energy_difference,average_exec_time
20268.965884444573,21038.13011377166,769.1642293270852,13.117636142857142
