idle_energy_total,active_energy_total,total_energy_difference,average_exec_time
20450.1396713228,20381.49605973759,-68.64361158520842,6.04501242857143
