idle_energy_total,active_energy_total,total_energy_difference,average_exec_time
18945.77228573792,20318.963332496365,1373.1910467584457,7.926198714285715
