idle_energy_total,active_energy_total,total_energy_difference,average_exec_time
21420.314010467006,21429.64042846358,9.326417996573582,6.0436508571428575
