idle_energy_total,active_energy_total,total_energy_difference,average_exec_time
20904.013545697668,20726.309799857914,-177.70374583975354,30.027822714285715
