idle_energy_total,active_energy_total,total_energy_difference,average_exec_time
20529.03640161755,20630.38671375694,101.35031213938782,30.027310000000003
