idle_energy_total,active_energy_total,total_energy_difference,average_exec_time
21389.92202693442,22219.590224749347,829.6681978149281,7.15350442857143
