idle_energy_total,active_energy_total,total_energy_difference,average_exec_time
19393.45480672951,19212.725518183866,-180.72928854564452,6.045525857142857
