idle_energy_total,active_energy_total,total_energy_difference,average_exec_time
20557.006745117003,20763.94273154373,206.93598642672805,30.02835142857143
