idle_energy_total,active_energy_total,total_energy_difference,average_exec_time
20230.99415539606,20130.823750777294,-100.17040461876604,6.045204714285714
