idle_energy_total,active_energy_total,total_energy_difference,average_exec_time
21122.74409146971,21971.334796102994,848.5907046332832,15.530471142857143
