idle_energy_total,active_energy_total,total_energy_difference,average_exec_time
21051.691630739104,21716.561886067895,664.8702553287912,6.380653285714287
