idle_energy_total,active_energy_total,total_energy_difference,average_exec_time
20267.16595366402,20269.69287523857,2.526921574546577,6.0451374285714286
