idle_energy_total,active_energy_total,total_energy_difference,average_exec_time
20170.184128560937,20271.286623080236,101.10249451929849,6.044632857142858
