idle_energy_total,active_energy_total,total_energy_difference,average_exec_time
17820.150107404115,19377.38326173758,1557.2331543334658,11.088651
