idle_energy_total,active_energy_total,total_energy_difference,average_exec_time
21433.370445681678,21433.818460615614,0.44801493393606506,6.04422
