idle_energy_total,active_energy_total,total_energy_difference,average_exec_time
20535.502273152084,20507.816404067056,-27.68586908502766,30.030673857142858
