idle_energy_total,active_energy_total,total_energy_difference,average_exec_time
19547.8755978543,19350.010991621453,-197.86460623284802,6.045741571428572
