idle_energy_total,active_energy_total,total_energy_difference,average_exec_time
20751.283283123917,20969.69390725469,218.41062413077088,30.02732214285714
