idle_energy_total,active_energy_total,total_energy_difference,average_exec_time
20226.87029218683,20378.503574132563,151.63328194573114,6.046040857142857
