idle_energy_total,active_energy_total,total_energy_difference,average_exec_time
19551.753074804958,19861.389140455492,309.6360656505349,30.028233857142855
