idle_energy_total,active_energy_total,total_energy_difference,average_exec_time
19189.085077544292,19025.07759074949,-164.0074867948024,6.044964285714285
