idle_energy_total,active_energy_total,total_energy_difference,average_exec_time
19243.189065591014,19632.470637490213,389.28157189919875,30.033014714285716
