idle_energy_total,active_energy_total,total_energy_difference,average_exec_time
18176.722564602525,19651.209886897574,1474.4873222950482,7.894226142857142
