idle_energy_total,active_energy_total,total_energy_difference,average_exec_time
18366.170505623406,19913.73533792102,1547.5648322976158,8.581553142857143
