idle_energy_total,active_energy_total,total_energy_difference,average_exec_time
20347.941144008895,20635.818366172643,287.87722216374823,30.028759000000004
