idle_energy_total,active_energy_total,total_energy_difference,average_exec_time
20540.246989066305,20316.438843755903,-223.80814531040232,6.043854857142857
