idle_energy_total,active_energy_total,total_energy_difference,average_exec_time
20391.76819635653,20490.33878978161,98.57059342508,6.0441072857142855
