idle_energy_total,active_energy_total,total_energy_difference,average_exec_time
20823.785639440906,20849.80666120165,26.02102176074186,30.02812414285714
