idle_energy_total,active_energy_total,total_energy_difference,average_exec_time
18763.995244214744,18697.346201954777,-66.64904225996725,6.049052428571429
