idle_energy_total,active_energy_total,total_energy_difference,average_exec_time
19435.210659019383,19217.1805797144,-218.0300793049828,6.0499665714285715
