idle_energy_total,active_energy_total,total_energy_difference,average_exec_time
19090.30045779685,18967.61526840179,-122.68518939505884,6.046785142857142
