idle_energy_total,active_energy_total,total_energy_difference,average_exec_time
17072.096792292818,19145.42331203485,2073.3265197420333,7.753475428571428
