idle_energy_total,active_energy_total,total_energy_difference,average_exec_time
17363.444102894184,19042.006550135073,1678.562447240889,9.746776857142857
