idle_energy_total,active_energy_total,total_energy_difference,average_exec_time
19478.893774411383,20650.36521733941,1171.4714429280284,12.787243000000002
