idle_energy_total,active_energy_total,total_energy_difference,average_exec_time
17949.907552251436,19339.551199501835,1389.6436472503992,7.996158142857142
