idle_energy_total,active_energy_total,total_energy_difference,average_exec_time
19777.353513768823,19951.924729210397,174.57121544157417,30.02978485714286
