idle_energy_total,active_energy_total,total_energy_difference,average_exec_time
18594.847345925136,20304.2993429777,1709.4519970525653,9.644282714285714
